{
	"partitions" : [
		{
			"name" : "Top",
			"pins" : [
				{
					"name" : "BusMuxIn[0]",
					"strict" : false
				},
				{
					"name" : "BusMuxIn[1]",
					"strict" : false
				},
				{
					"name" : "BusMuxIn[2]",
					"strict" : false
				},
				{
					"name" : "BusMuxIn[3]",
					"strict" : false
				},
				{
					"name" : "BusMuxIn[4]",
					"strict" : false
				},
				{
					"name" : "BusMuxIn[5]",
					"strict" : false
				},
				{
					"name" : "BusMuxIn[6]",
					"strict" : false
				},
				{
					"name" : "BusMuxIn[7]",
					"strict" : false
				},
				{
					"name" : "BusMuxIn[8]",
					"strict" : false
				},
				{
					"name" : "BusMuxIn[9]",
					"strict" : false
				},
				{
					"name" : "BusMuxIn[10]",
					"strict" : false
				},
				{
					"name" : "BusMuxIn[11]",
					"strict" : false
				},
				{
					"name" : "BusMuxIn[12]",
					"strict" : false
				},
				{
					"name" : "BusMuxIn[13]",
					"strict" : false
				},
				{
					"name" : "BusMuxIn[14]",
					"strict" : false
				},
				{
					"name" : "BusMuxIn[15]",
					"strict" : false
				},
				{
					"name" : "BusMuxIn[16]",
					"strict" : false
				},
				{
					"name" : "BusMuxIn[17]",
					"strict" : false
				},
				{
					"name" : "BusMuxIn[18]",
					"strict" : false
				},
				{
					"name" : "BusMuxIn[19]",
					"strict" : false
				},
				{
					"name" : "BusMuxIn[20]",
					"strict" : false
				},
				{
					"name" : "BusMuxIn[21]",
					"strict" : false
				},
				{
					"name" : "BusMuxIn[22]",
					"strict" : false
				},
				{
					"name" : "BusMuxIn[23]",
					"strict" : false
				},
				{
					"name" : "BusMuxIn[24]",
					"strict" : false
				},
				{
					"name" : "BusMuxIn[25]",
					"strict" : false
				},
				{
					"name" : "BusMuxIn[26]",
					"strict" : false
				},
				{
					"name" : "BusMuxIn[27]",
					"strict" : false
				},
				{
					"name" : "BusMuxIn[28]",
					"strict" : false
				},
				{
					"name" : "BusMuxIn[29]",
					"strict" : false
				},
				{
					"name" : "BusMuxIn[30]",
					"strict" : false
				},
				{
					"name" : "BusMuxIn[31]",
					"strict" : false
				},
				{
					"name" : "clock",
					"strict" : false
				},
				{
					"name" : "BusMuxOut[0]",
					"strict" : false
				},
				{
					"name" : "clear",
					"strict" : false
				},
				{
					"name" : "enable",
					"strict" : false
				},
				{
					"name" : "BusMuxOut[1]",
					"strict" : false
				},
				{
					"name" : "BusMuxOut[2]",
					"strict" : false
				},
				{
					"name" : "BusMuxOut[3]",
					"strict" : false
				},
				{
					"name" : "BusMuxOut[4]",
					"strict" : false
				},
				{
					"name" : "BusMuxOut[5]",
					"strict" : false
				},
				{
					"name" : "BusMuxOut[6]",
					"strict" : false
				},
				{
					"name" : "BusMuxOut[7]",
					"strict" : false
				},
				{
					"name" : "BusMuxOut[8]",
					"strict" : false
				},
				{
					"name" : "BusMuxOut[9]",
					"strict" : false
				},
				{
					"name" : "BusMuxOut[10]",
					"strict" : false
				},
				{
					"name" : "BusMuxOut[11]",
					"strict" : false
				},
				{
					"name" : "BusMuxOut[12]",
					"strict" : false
				},
				{
					"name" : "BusMuxOut[13]",
					"strict" : false
				},
				{
					"name" : "BusMuxOut[14]",
					"strict" : false
				},
				{
					"name" : "BusMuxOut[15]",
					"strict" : false
				},
				{
					"name" : "BusMuxOut[16]",
					"strict" : false
				},
				{
					"name" : "BusMuxOut[17]",
					"strict" : false
				},
				{
					"name" : "BusMuxOut[18]",
					"strict" : false
				},
				{
					"name" : "BusMuxOut[19]",
					"strict" : false
				},
				{
					"name" : "BusMuxOut[20]",
					"strict" : false
				},
				{
					"name" : "BusMuxOut[21]",
					"strict" : false
				},
				{
					"name" : "BusMuxOut[22]",
					"strict" : false
				},
				{
					"name" : "BusMuxOut[23]",
					"strict" : false
				},
				{
					"name" : "BusMuxOut[24]",
					"strict" : false
				},
				{
					"name" : "BusMuxOut[25]",
					"strict" : false
				},
				{
					"name" : "BusMuxOut[26]",
					"strict" : false
				},
				{
					"name" : "BusMuxOut[27]",
					"strict" : false
				},
				{
					"name" : "BusMuxOut[28]",
					"strict" : false
				},
				{
					"name" : "BusMuxOut[29]",
					"strict" : false
				},
				{
					"name" : "BusMuxOut[30]",
					"strict" : false
				},
				{
					"name" : "BusMuxOut[31]",
					"strict" : false
				}
			]
		}
	]
}