{
	"partitions" : [
		{
			"name" : "Top",
			"pins" : [
				{
					"name" : "Zregin[0]",
					"strict" : false
				},
				{
					"name" : "A[0]",
					"strict" : false
				},
				{
					"name" : "B[0]",
					"strict" : false
				},
				{
					"name" : "ops[0]",
					"strict" : false
				},
				{
					"name" : "ops[1]",
					"strict" : false
				},
				{
					"name" : "ops[2]",
					"strict" : false
				},
				{
					"name" : "ops[3]",
					"strict" : false
				},
				{
					"name" : "ops[4]",
					"strict" : false
				}
			]
		}
	]
}